reading_id,station_id,model_name,predicted_label,confidence_score,response_time_ms,timestamp,errors
24,ST-06,unknown_model,-1,,-44.9,2026-09-08 11:04:49.181,"invalid model_name; confidence_score must be in [0,1]; response_time_ms must be positive"
53,ST-08,unknown_model,stable,,,2026-09-08 11:04:49.941,"invalid model_name; confidence_score must be in [0,1]; response_time_ms must be positive"
123,ST-10,demand_forecaster,-1,1.355,,2026-09-08 11:04:51.777,"predicted_label must be int 1..5000; confidence_score must be in [0,1]; response_time_ms must be positive"
197,ST-04,leak_detector,stable,,-67.5,2026-09-08 11:04:53.715,"predicted_label mismatch for model; confidence_score must be in [0,1]; response_time_ms must be positive"
200,ST-10,demand_forecaster,99999,,,2026-09-08 11:04:53.793,"predicted_label must be int 1..5000; confidence_score must be in [0,1]; response_time_ms must be positive"
-523,ST-07,demand_forecaster,drop,1.468,,2026-09-08 11:04:54.636,"reading_id must be positive int; predicted_label must be int 1..5000; confidence_score must be in [0,1]; response_time_ms must be positive"
237,ST-09,pressure_drop_predictor,leak,,-79.3,2026-09-08 11:04:54.793,"predicted_label mismatch for model; confidence_score must be in [0,1]; response_time_ms must be positive"
284,ST-99,unknown_model,stable,-0.104,-77.7,,"invalid station_id; invalid model_name; confidence_score must be in [0,1]; response_time_ms must be positive; invalid timestamp"
,ST-02,pressure_drop_predictor,stable,-0.887,,2026-09-08 11:05:00.897,"reading_id must be positive int; confidence_score must be in [0,1]; response_time_ms must be positive"
494,ST-05,leak_detector,drop,-0.89,-25.9,2026-09-08 11:05:01.605,"predicted_label mismatch for model; confidence_score must be in [0,1]; response_time_ms must be positive"
532,unknown,leak_detector,,,,2026-09-08 11:05:02.609,"invalid station_id; predicted_label mismatch for model; confidence_score must be in [0,1]; response_time_ms must be positive"
545,ST-09,leak_detector,,-0.2,-43.3,,"predicted_label mismatch for model; confidence_score must be in [0,1]; response_time_ms must be positive; invalid timestamp"
553,ST-10,demand_forecaster,drop,-0.823,,2026-09-08 11:05:03.158,"predicted_label must be int 1..5000; confidence_score must be in [0,1]; response_time_ms must be positive"
580,ST-99,leak_detector,leak,1.659,-50.3,,"invalid station_id; confidence_score must be in [0,1]; response_time_ms must be positive; invalid timestamp"
671,ST-03,leak_detector,,,,2026-09-08 11:05:06.273,"predicted_label mismatch for model; confidence_score must be in [0,1]; response_time_ms must be positive"
754,ST-09,demand_forecaster,drop,-0.052,-4.2,2026-09-08 11:05:08.481,"predicted_label must be int 1..5000; confidence_score must be in [0,1]; response_time_ms must be positive"
780,ST-03,unknown_model,normal,1.596,,2026-09-08 11:05:09.162,"invalid model_name; confidence_score must be in [0,1]; response_time_ms must be positive"
890,ST-08,unknown_model,leak,-0.339,-81.0,2026-09-08 11:05:12.042,"invalid model_name; confidence_score must be in [0,1]; response_time_ms must be positive"
-947,ST-05,leak_detector,stable,,,2026-09-08 11:05:12.774,"reading_id must be positive int; predicted_label mismatch for model; confidence_score must be in [0,1]; response_time_ms must be positive"
1003,ST-99,pressure_drop_predictor,leak,1.426,,2026-09-08 11:05:15.026,"invalid station_id; predicted_label mismatch for model; confidence_score must be in [0,1]; response_time_ms must be positive"
,ST-10,,99999,,-67.6,,"reading_id must be positive int; invalid model_name; confidence_score must be in [0,1]; response_time_ms must be positive; invalid timestamp"
1079,unknown,unknown_model,normal,,,,"invalid station_id; invalid model_name; confidence_score must be in [0,1]; response_time_ms must be positive; invalid timestamp"
1107,unknown,unknown_model,leak,,,2026-09-08 11:05:17.771,"invalid station_id; invalid model_name; confidence_score must be in [0,1]; response_time_ms must be positive"
,ST-06,leak_detector,-1,,-91.8,2026-09-08 11:05:18.712,"reading_id must be positive int; predicted_label mismatch for model; confidence_score must be in [0,1]; response_time_ms must be positive"
1164,ST-08,unknown_model,99999,1.912,-21.7,2026-09-08 11:05:19.294,"invalid model_name; confidence_score must be in [0,1]; response_time_ms must be positive"
1166,ST-05,unknown_model,normal,1.835,-72.4,2026-09-08 11:05:19.347,"invalid model_name; confidence_score must be in [0,1]; response_time_ms must be positive"
1205,ST-02,leak_detector,,-0.66,,2026-09-08 11:05:20.367,"predicted_label mismatch for model; confidence_score must be in [0,1]; response_time_ms must be positive"
1279,ST-99,,-1,-0.335,-81.0,2026-09-08 11:05:22.312,"invalid station_id; invalid model_name; confidence_score must be in [0,1]; response_time_ms must be positive"
1293,ST-07,,99999,-0.589,-51.3,2026-09-08 11:05:22.680,"invalid model_name; confidence_score must be in [0,1]; response_time_ms must be positive"
1294,ST-99,leak_detector,drop,,,2026-09-08 11:05:22.707,"invalid station_id; predicted_label mismatch for model; confidence_score must be in [0,1]; response_time_ms must be positive"
1325,ST-03,,normal,,-64.1,2026-09-08 11:05:23.522,"invalid model_name; confidence_score must be in [0,1]; response_time_ms must be positive"
1343,ST-04,demand_forecaster,99999,1.181,-68.1,2026-09-08 11:05:23.993,"predicted_label must be int 1..5000; confidence_score must be in [0,1]; response_time_ms must be positive"
1397,unknown,demand_forecaster,leak,,-80.3,2026-09-08 11:05:25.416,"invalid station_id; predicted_label must be int 1..5000; confidence_score must be in [0,1]; response_time_ms must be positive"
,ST-06,,,1.149,,2026-09-08 11:05:25.704,"reading_id must be positive int; invalid model_name; confidence_score must be in [0,1]; response_time_ms must be positive"
,ST-99,leak_detector,normal,1.552,-84.9,2026-09-08 11:05:26.252,"reading_id must be positive int; invalid station_id; confidence_score must be in [0,1]; response_time_ms must be positive"
1519,unknown,pressure_drop_predictor,stable,-0.072,-35.9,2026-09-08 11:05:28.664,"invalid station_id; confidence_score must be in [0,1]; response_time_ms must be positive"
1528,ST-08,leak_detector,99999,1.462,-53.0,2026-09-08 11:05:28.899,"predicted_label mismatch for model; confidence_score must be in [0,1]; response_time_ms must be positive"
1567,ST-06,pressure_drop_predictor,invalid_label,1.018,-55.5,2026-09-08 11:05:29.924,"predicted_label mismatch for model; confidence_score must be in [0,1]; response_time_ms must be positive"
1591,ST-07,pressure_drop_predictor,stable,1.031,,2026-09-08 11:05:30.553,"confidence_score must be in [0,1]; response_time_ms must be positive"
,,unknown_model,normal,1.88,,2026-09-08 11:05:33.203,"reading_id must be positive int; invalid station_id; invalid model_name; confidence_score must be in [0,1]; response_time_ms must be positive"
1752,ST-05,demand_forecaster,normal,,-87.1,2026-09-08 11:05:34.793,"predicted_label must be int 1..5000; confidence_score must be in [0,1]; response_time_ms must be positive"
-335,ST-01,pressure_drop_predictor,drop,,-59.1,2026-09-08 11:05:35.575,"reading_id must be positive int; confidence_score must be in [0,1]; response_time_ms must be positive"
1821,ST-06,demand_forecaster,,-0.538,,2026-09-08 11:05:36.620,"predicted_label must be int 1..5000; confidence_score must be in [0,1]; response_time_ms must be positive"
1972,,unknown_model,drop,1.339,-11.1,2026-09-08 11:05:40.567,"invalid station_id; invalid model_name; confidence_score must be in [0,1]; response_time_ms must be positive"
2012,ST-10,demand_forecaster,invalid_label,,-31.1,2026-09-08 11:05:41.642,"predicted_label must be int 1..5000; confidence_score must be in [0,1]; response_time_ms must be positive"
-41,ST-04,,stable,1.024,-35.5,2026-09-08 11:05:42.378,"reading_id must be positive int; invalid model_name; confidence_score must be in [0,1]; response_time_ms must be positive"
2109,,demand_forecaster,leak,1.87,,2026-09-08 11:05:44.216,"invalid station_id; predicted_label must be int 1..5000; confidence_score must be in [0,1]; response_time_ms must be positive"
2155,ST-99,,drop,1.762,,2026-09-08 11:05:45.417,"invalid station_id; invalid model_name; confidence_score must be in [0,1]; response_time_ms must be positive"
-285,,demand_forecaster,drop,,-70.9,,"reading_id must be positive int; invalid station_id; predicted_label must be int 1..5000; confidence_score must be in [0,1]; response_time_ms must be positive; invalid timestamp"
2217,ST-05,unknown_model,normal,1.481,,2026-09-08 11:05:47.067,"invalid model_name; confidence_score must be in [0,1]; response_time_ms must be positive"
2283,ST-99,demand_forecaster,,,,,"invalid station_id; predicted_label must be int 1..5000; confidence_score must be in [0,1]; response_time_ms must be positive; invalid timestamp"
2317,ST-06,pressure_drop_predictor,normal,1.44,-58.5,2026-09-08 11:05:49.668,"predicted_label mismatch for model; confidence_score must be in [0,1]; response_time_ms must be positive"
2354,unknown,unknown_model,-1,-0.312,,2026-09-08 11:05:50.626,"invalid station_id; invalid model_name; confidence_score must be in [0,1]; response_time_ms must be positive"
2410,ST-07,unknown_model,-1,-0.124,-69.1,2026-09-08 11:05:52.094,"invalid model_name; confidence_score must be in [0,1]; response_time_ms must be positive"
,ST-01,,drop,,,,"reading_id must be positive int; invalid model_name; confidence_score must be in [0,1]; response_time_ms must be positive; invalid timestamp"
2630,ST-04,,,-0.575,,2026-09-08 11:05:57.877,"invalid model_name; confidence_score must be in [0,1]; response_time_ms must be positive"
2681,ST-08,pressure_drop_predictor,normal,1.735,-50.5,2026-09-08 11:05:59.205,"predicted_label mismatch for model; confidence_score must be in [0,1]; response_time_ms must be positive"
2693,ST-99,demand_forecaster,99999,,,2026-09-08 11:05:59.518,"invalid station_id; predicted_label must be int 1..5000; confidence_score must be in [0,1]; response_time_ms must be positive"
2706,ST-08,pressure_drop_predictor,stable,1.555,-27.7,2026-09-08 11:05:59.860,"confidence_score must be in [0,1]; response_time_ms must be positive"
2808,,,leak,1.657,-44.2,,"invalid station_id; invalid model_name; confidence_score must be in [0,1]; response_time_ms must be positive; invalid timestamp"
-898,ST-08,unknown_model,invalid_label,1.38,,2026-09-08 11:06:05.879,"reading_id must be positive int; invalid model_name; confidence_score must be in [0,1]; response_time_ms must be positive"
-344,ST-09,demand_forecaster,invalid_label,,-94.5,2026-09-08 11:06:05.957,"reading_id must be positive int; predicted_label must be int 1..5000; confidence_score must be in [0,1]; response_time_ms must be positive"
3016,ST-06,demand_forecaster,invalid_label,1.953,-7.8,,"predicted_label must be int 1..5000; confidence_score must be in [0,1]; response_time_ms must be positive; invalid timestamp"
3047,ST-09,unknown_model,invalid_label,1.917,,2026-09-08 11:06:08.836,"invalid model_name; confidence_score must be in [0,1]; response_time_ms must be positive"
3061,ST-04,unknown_model,99999,1.785,,,"invalid model_name; confidence_score must be in [0,1]; response_time_ms must be positive; invalid timestamp"
3129,ST-09,leak_detector,invalid_label,-0.072,-1.3,,"predicted_label mismatch for model; confidence_score must be in [0,1]; response_time_ms must be positive; invalid timestamp"
3133,ST-07,,stable,1.868,-98.7,2026-09-08 11:06:11.089,"invalid model_name; confidence_score must be in [0,1]; response_time_ms must be positive"
,ST-01,,99999,-0.758,,2026-09-08 11:06:13.255,"reading_id must be positive int; invalid model_name; confidence_score must be in [0,1]; response_time_ms must be positive"
3315,ST-03,demand_forecaster,normal,-0.224,-49.6,,"predicted_label must be int 1..5000; confidence_score must be in [0,1]; response_time_ms must be positive; invalid timestamp"
3349,unknown,,invalid_label,,,2026-09-08 11:06:16.753,"invalid station_id; invalid model_name; confidence_score must be in [0,1]; response_time_ms must be positive"
,ST-09,leak_detector,invalid_label,1.547,,2026-09-08 11:06:18.187,"reading_id must be positive int; predicted_label mismatch for model; confidence_score must be in [0,1]; response_time_ms must be positive"
-950,ST-07,,99999,,-76.2,2026-09-08 11:06:21.687,"reading_id must be positive int; invalid model_name; confidence_score must be in [0,1]; response_time_ms must be positive"
3607,ST-01,demand_forecaster,,-0.597,-90.2,2026-09-08 11:06:23.545,"predicted_label must be int 1..5000; confidence_score must be in [0,1]; response_time_ms must be positive"
-688,ST-08,demand_forecaster,normal,1.825,-74.7,2026-09-08 11:06:26.999,"reading_id must be positive int; predicted_label must be int 1..5000; confidence_score must be in [0,1]; response_time_ms must be positive"
3795,ST-01,leak_detector,99999,-0.969,,2026-09-08 11:06:28.486,"predicted_label mismatch for model; confidence_score must be in [0,1]; response_time_ms must be positive"
-770,ST-99,,leak,-0.701,,2026-09-08 11:06:29.033,"reading_id must be positive int; invalid station_id; invalid model_name; confidence_score must be in [0,1]; response_time_ms must be positive"
3853,ST-09,,drop,1.275,,2026-09-08 11:06:30.026,"invalid model_name; confidence_score must be in [0,1]; response_time_ms must be positive"
3866,ST-05,,normal,1.944,,2026-09-08 11:06:30.366,"invalid model_name; confidence_score must be in [0,1]; response_time_ms must be positive"
3882,ST-02,demand_forecaster,leak,,,2026-09-08 11:06:30.781,"predicted_label must be int 1..5000; confidence_score must be in [0,1]; response_time_ms must be positive"
,ST-10,leak_detector,,-0.192,,2026-09-08 11:06:31.042,"reading_id must be positive int; predicted_label mismatch for model; confidence_score must be in [0,1]; response_time_ms must be positive"
3921,ST-03,demand_forecaster,drop,1.45,-81.6,,"predicted_label must be int 1..5000; confidence_score must be in [0,1]; response_time_ms must be positive; invalid timestamp"
3946,unknown,demand_forecaster,-1,,,2026-09-08 11:06:32.474,"invalid station_id; predicted_label must be int 1..5000; confidence_score must be in [0,1]; response_time_ms must be positive"
4045,ST-02,leak_detector,-1,,-71.7,,"predicted_label mismatch for model; confidence_score must be in [0,1]; response_time_ms must be positive; invalid timestamp"
4197,ST-10,leak_detector,normal,1.291,-23.7,2026-09-08 11:06:39.031,"confidence_score must be in [0,1]; response_time_ms must be positive"
4289,ST-10,leak_detector,stable,,-57.6,,"predicted_label mismatch for model; confidence_score must be in [0,1]; response_time_ms must be positive; invalid timestamp"
-522,ST-07,,-1,-0.46,-98.8,2026-09-08 11:06:42.242,"reading_id must be positive int; invalid model_name; confidence_score must be in [0,1]; response_time_ms must be positive"
,ST-07,pressure_drop_predictor,-1,,,2026-09-08 11:06:47.685,"reading_id must be positive int; predicted_label mismatch for model; confidence_score must be in [0,1]; response_time_ms must be positive"
,ST-03,demand_forecaster,99999,-0.258,-62.2,,"reading_id must be positive int; predicted_label must be int 1..5000; confidence_score must be in [0,1]; response_time_ms must be positive; invalid timestamp"
-692,,demand_forecaster,leak,,-41.3,,"reading_id must be positive int; invalid station_id; predicted_label must be int 1..5000; confidence_score must be in [0,1]; response_time_ms must be positive; invalid timestamp"
4611,ST-02,unknown_model,normal,-0.406,-96.4,2026-09-08 11:06:49.990,"invalid model_name; confidence_score must be in [0,1]; response_time_ms must be positive"
,ST-05,,drop,-0.372,-91.7,2026-09-08 11:06:52.601,"reading_id must be positive int; invalid model_name; confidence_score must be in [0,1]; response_time_ms must be positive"
,ST-06,leak_detector,normal,-0.698,-71.8,2026-09-08 11:06:53.540,"reading_id must be positive int; confidence_score must be in [0,1]; response_time_ms must be positive"
4903,ST-01,,,1.407,-37.7,2026-09-08 11:06:57.673,"invalid model_name; confidence_score must be in [0,1]; response_time_ms must be positive"
-24,unknown,leak_detector,99999,-0.659,-79.4,2026-09-08 11:07:04.411,"reading_id must be positive int; invalid station_id; predicted_label mismatch for model; confidence_score must be in [0,1]; response_time_ms must be positive"
5196,ST-02,demand_forecaster,leak,1.756,-23.8,2026-09-08 11:07:05.377,"predicted_label must be int 1..5000; confidence_score must be in [0,1]; response_time_ms must be positive"
,unknown,,,-0.546,-31.6,2026-09-08 11:07:07.228,"reading_id must be positive int; invalid station_id; invalid model_name; confidence_score must be in [0,1]; response_time_ms must be positive"
5276,ST-06,leak_detector,normal,1.938,,2026-09-08 11:07:07.489,"confidence_score must be in [0,1]; response_time_ms must be positive"
-544,ST-08,,invalid_label,-0.752,,2026-09-08 11:07:08.297,"reading_id must be positive int; invalid model_name; confidence_score must be in [0,1]; response_time_ms must be positive"
5325,unknown,pressure_drop_predictor,,,-77.0,2026-09-08 11:07:08.790,"invalid station_id; predicted_label mismatch for model; confidence_score must be in [0,1]; response_time_ms must be positive"
5358,ST-10,demand_forecaster,,-0.523,-22.7,2026-09-08 11:07:09.649,"predicted_label must be int 1..5000; confidence_score must be in [0,1]; response_time_ms must be positive"
,,leak_detector,invalid_label,1.144,,,"reading_id must be positive int; invalid station_id; predicted_label mismatch for model; confidence_score must be in [0,1]; response_time_ms must be positive; invalid timestamp"
,ST-06,,99999,1.619,,2026-09-08 11:07:09.940,"reading_id must be positive int; invalid model_name; confidence_score must be in [0,1]; response_time_ms must be positive"
5380,ST-06,leak_detector,99999,,,,"predicted_label mismatch for model; confidence_score must be in [0,1]; response_time_ms must be positive; invalid timestamp"
5392,ST-08,unknown_model,stable,-0.753,-74.8,,"invalid model_name; confidence_score must be in [0,1]; response_time_ms must be positive; invalid timestamp"
5405,ST-10,unknown_model,leak,1.187,,2026-09-08 11:07:10.932,"invalid model_name; confidence_score must be in [0,1]; response_time_ms must be positive"
-453,ST-03,unknown_model,-1,1.644,,,"reading_id must be positive int; invalid model_name; confidence_score must be in [0,1]; response_time_ms must be positive; invalid timestamp"
5551,ST-08,leak_detector,99999,,,2026-09-08 11:07:14.795,"predicted_label mismatch for model; confidence_score must be in [0,1]; response_time_ms must be positive"
5608,ST-04,demand_forecaster,stable,1.792,-23.1,2026-09-08 11:07:16.293,"predicted_label must be int 1..5000; confidence_score must be in [0,1]; response_time_ms must be positive"
5626,ST-06,leak_detector,,1.315,,2026-09-08 11:07:16.764,"predicted_label mismatch for model; confidence_score must be in [0,1]; response_time_ms must be positive"
,ST-03,leak_detector,leak,-0.283,,2026-09-08 11:07:16.816,"reading_id must be positive int; confidence_score must be in [0,1]; response_time_ms must be positive"
,ST-02,demand_forecaster,normal,-0.103,-86.7,2026-09-08 11:07:17.838,"reading_id must be positive int; predicted_label must be int 1..5000; confidence_score must be in [0,1]; response_time_ms must be positive"
5672,ST-03,demand_forecaster,normal,1.517,,2026-09-08 11:07:18.021,"predicted_label must be int 1..5000; confidence_score must be in [0,1]; response_time_ms must be positive"
5775,ST-10,demand_forecaster,99999,,,2026-09-08 11:07:20.716,"predicted_label must be int 1..5000; confidence_score must be in [0,1]; response_time_ms must be positive"
5837,,leak_detector,99999,-0.357,,2026-09-08 11:07:22.342,"invalid station_id; predicted_label mismatch for model; confidence_score must be in [0,1]; response_time_ms must be positive"
5965,ST-08,leak_detector,leak,-0.424,,2026-09-08 11:07:25.690,"confidence_score must be in [0,1]; response_time_ms must be positive"
,ST-01,pressure_drop_predictor,drop,1.709,,2026-09-08 11:07:25.847,"reading_id must be positive int; confidence_score must be in [0,1]; response_time_ms must be positive"
-107,ST-07,leak_detector,,,-80.6,2026-09-08 11:07:26.135,"reading_id must be positive int; predicted_label mismatch for model; confidence_score must be in [0,1]; response_time_ms must be positive"
,ST-99,unknown_model,,-0.482,-8.0,2026-09-08 11:07:27.127,"reading_id must be positive int; invalid station_id; invalid model_name; confidence_score must be in [0,1]; response_time_ms must be positive"
,ST-01,pressure_drop_predictor,invalid_label,1.843,,,"reading_id must be positive int; predicted_label mismatch for model; confidence_score must be in [0,1]; response_time_ms must be positive; invalid timestamp"
6161,ST-04,demand_forecaster,drop,-0.972,-20.8,2026-09-08 11:07:30.912,"predicted_label must be int 1..5000; confidence_score must be in [0,1]; response_time_ms must be positive"
,ST-04,pressure_drop_predictor,invalid_label,-0.617,-84.0,2026-09-08 11:07:34.217,"reading_id must be positive int; predicted_label mismatch for model; confidence_score must be in [0,1]; response_time_ms must be positive"
6365,ST-01,demand_forecaster,,-0.571,,2026-09-08 11:07:36.278,"predicted_label must be int 1..5000; confidence_score must be in [0,1]; response_time_ms must be positive"
6417,ST-99,,stable,,,,"invalid station_id; invalid model_name; confidence_score must be in [0,1]; response_time_ms must be positive; invalid timestamp"
-32,ST-01,pressure_drop_predictor,leak,-0.75,-24.0,2026-09-08 11:07:38.894,"reading_id must be positive int; predicted_label mismatch for model; confidence_score must be in [0,1]; response_time_ms must be positive"
-311,ST-02,,normal,-0.532,,2026-09-08 11:07:39.734,"reading_id must be positive int; invalid model_name; confidence_score must be in [0,1]; response_time_ms must be positive"
6524,unknown,unknown_model,,,,2026-09-08 11:07:40.492,"invalid station_id; invalid model_name; confidence_score must be in [0,1]; response_time_ms must be positive"
6543,ST-09,leak_detector,stable,-0.855,,2026-09-08 11:07:40.991,"predicted_label mismatch for model; confidence_score must be in [0,1]; response_time_ms must be positive"
6554,unknown,leak_detector,99999,-0.602,,2026-09-08 11:07:41.278,"invalid station_id; predicted_label mismatch for model; confidence_score must be in [0,1]; response_time_ms must be positive"
-566,ST-04,unknown_model,stable,-0.829,,2026-09-08 11:07:41.906,"reading_id must be positive int; invalid model_name; confidence_score must be in [0,1]; response_time_ms must be positive"
6705,ST-03,unknown_model,-1,-0.009,,,"invalid model_name; confidence_score must be in [0,1]; response_time_ms must be positive; invalid timestamp"
-214,ST-03,,99999,1.661,-33.2,2026-09-08 11:07:46.638,"reading_id must be positive int; invalid model_name; confidence_score must be in [0,1]; response_time_ms must be positive"
,ST-03,unknown_model,normal,-0.041,-69.4,2026-09-08 11:07:46.718,"reading_id must be positive int; invalid model_name; confidence_score must be in [0,1]; response_time_ms must be positive"
6795,ST-01,pressure_drop_predictor,leak,,-95.5,2026-09-08 11:07:47.660,"predicted_label mismatch for model; confidence_score must be in [0,1]; response_time_ms must be positive"
6852,ST-05,demand_forecaster,invalid_label,-0.021,,2026-09-08 11:07:49.155,"predicted_label must be int 1..5000; confidence_score must be in [0,1]; response_time_ms must be positive"
6966,ST-06,leak_detector,stable,-0.066,-59.1,2026-09-08 11:07:52.134,"predicted_label mismatch for model; confidence_score must be in [0,1]; response_time_ms must be positive"
7193,,unknown_model,-1,1.027,-57.0,2026-09-08 11:07:58.090,"invalid station_id; invalid model_name; confidence_score must be in [0,1]; response_time_ms must be positive"
7236,ST-03,pressure_drop_predictor,leak,,-55.8,,"predicted_label mismatch for model; confidence_score must be in [0,1]; response_time_ms must be positive; invalid timestamp"
7291,ST-09,leak_detector,-1,-0.694,,2026-09-08 11:08:00.654,"predicted_label mismatch for model; confidence_score must be in [0,1]; response_time_ms must be positive"
7312,,demand_forecaster,invalid_label,-0.373,,2026-09-08 11:08:01.202,"invalid station_id; predicted_label must be int 1..5000; confidence_score must be in [0,1]; response_time_ms must be positive"
,ST-07,leak_detector,stable,,-33.8,2026-09-08 11:08:02.713,"reading_id must be positive int; predicted_label mismatch for model; confidence_score must be in [0,1]; response_time_ms must be positive"
,ST-99,leak_detector,normal,1.218,-95.0,2026-09-08 11:08:03.444,"reading_id must be positive int; invalid station_id; confidence_score must be in [0,1]; response_time_ms must be positive"
,ST-07,,stable,,-30.1,2026-09-08 11:08:03.497,"reading_id must be positive int; invalid model_name; confidence_score must be in [0,1]; response_time_ms must be positive"
7430,ST-03,,invalid_label,,-96.3,2026-09-08 11:08:04.357,"invalid model_name; confidence_score must be in [0,1]; response_time_ms must be positive"
7458,,unknown_model,drop,,-21.7,,"invalid station_id; invalid model_name; confidence_score must be in [0,1]; response_time_ms must be positive; invalid timestamp"
7641,ST-08,,invalid_label,-0.748,,2026-09-08 11:08:09.872,"invalid model_name; confidence_score must be in [0,1]; response_time_ms must be positive"
7658,ST-06,leak_detector,leak,1.298,-79.5,2026-09-08 11:08:10.314,"confidence_score must be in [0,1]; response_time_ms must be positive"
7664,ST-07,unknown_model,normal,-0.404,,,"invalid model_name; confidence_score must be in [0,1]; response_time_ms must be positive; invalid timestamp"
7837,ST-99,unknown_model,-1,1.906,-46.5,2026-09-08 11:08:15.004,"invalid station_id; invalid model_name; confidence_score must be in [0,1]; response_time_ms must be positive"
,ST-01,pressure_drop_predictor,drop,1.011,,2026-09-08 11:08:16.239,"reading_id must be positive int; confidence_score must be in [0,1]; response_time_ms must be positive"
,ST-07,leak_detector,drop,1.785,-52.3,2026-09-08 11:08:17.385,"reading_id must be positive int; predicted_label mismatch for model; confidence_score must be in [0,1]; response_time_ms must be positive"
8138,ST-99,pressure_drop_predictor,99999,-0.831,,,"invalid station_id; predicted_label mismatch for model; confidence_score must be in [0,1]; response_time_ms must be positive; invalid timestamp"
,ST-01,pressure_drop_predictor,normal,-0.288,,2026-09-08 11:08:23.306,"reading_id must be positive int; predicted_label mismatch for model; confidence_score must be in [0,1]; response_time_ms must be positive"
8222,ST-06,,,1.301,,2026-09-08 11:08:25.164,"invalid model_name; confidence_score must be in [0,1]; response_time_ms must be positive"
8318,,leak_detector,-1,,-25.2,,"invalid station_id; predicted_label mismatch for model; confidence_score must be in [0,1]; response_time_ms must be positive; invalid timestamp"
8324,ST-07,pressure_drop_predictor,normal,,-40.9,2026-09-08 11:08:27.829,"predicted_label mismatch for model; confidence_score must be in [0,1]; response_time_ms must be positive"
8357,ST-03,,-1,,-98.8,2026-09-08 11:08:28.691,"invalid model_name; confidence_score must be in [0,1]; response_time_ms must be positive"
,ST-08,,,-0.489,-60.8,2026-09-08 11:08:29.294,"reading_id must be positive int; invalid model_name; confidence_score must be in [0,1]; response_time_ms must be positive"
8391,,unknown_model,,-0.015,,2026-09-08 11:08:29.609,"invalid station_id; invalid model_name; confidence_score must be in [0,1]; response_time_ms must be positive"
,ST-05,pressure_drop_predictor,99999,,,2026-09-08 11:08:32.515,"reading_id must be positive int; predicted_label mismatch for model; confidence_score must be in [0,1]; response_time_ms must be positive"
8560,ST-01,unknown_model,,,-7.9,2026-09-08 11:08:34.056,"invalid model_name; confidence_score must be in [0,1]; response_time_ms must be positive"
8561,ST-06,unknown_model,leak,,-27.7,2026-09-08 11:08:34.083,"invalid model_name; confidence_score must be in [0,1]; response_time_ms must be positive"
,ST-02,leak_detector,stable,1.628,-6.0,,"reading_id must be positive int; predicted_label mismatch for model; confidence_score must be in [0,1]; response_time_ms must be positive; invalid timestamp"
,ST-06,,stable,1.594,,2026-09-08 11:08:35.727,"reading_id must be positive int; invalid model_name; confidence_score must be in [0,1]; response_time_ms must be positive"
8701,ST-01,,-1,-0.454,,2026-09-08 11:08:37.789,"invalid model_name; confidence_score must be in [0,1]; response_time_ms must be positive"
8863,unknown,unknown_model,-1,,,2026-09-08 11:08:42.025,"invalid station_id; invalid model_name; confidence_score must be in [0,1]; response_time_ms must be positive"
-126,,leak_detector,leak,1.031,-3.2,2026-09-08 11:08:43.256,"reading_id must be positive int; invalid station_id; confidence_score must be in [0,1]; response_time_ms must be positive"
,ST-05,unknown_model,normal,1.072,,,"reading_id must be positive int; invalid model_name; confidence_score must be in [0,1]; response_time_ms must be positive; invalid timestamp"
9018,ST-04,unknown_model,99999,-0.332,,2026-09-08 11:08:46.125,"invalid model_name; confidence_score must be in [0,1]; response_time_ms must be positive"
9026,ST-03,demand_forecaster,,,,2026-09-08 11:08:46.333,"predicted_label must be int 1..5000; confidence_score must be in [0,1]; response_time_ms must be positive"
-287,ST-09,pressure_drop_predictor,stable,-0.614,,2026-09-08 11:08:46.803,"reading_id must be positive int; confidence_score must be in [0,1]; response_time_ms must be positive"
-313,,leak_detector,99999,,,2026-09-08 11:08:49.862,"reading_id must be positive int; invalid station_id; predicted_label mismatch for model; confidence_score must be in [0,1]; response_time_ms must be positive"
9366,ST-05,unknown_model,leak,,,2026-09-08 11:08:55.268,"invalid model_name; confidence_score must be in [0,1]; response_time_ms must be positive"
9452,unknown,unknown_model,,-0.912,-58.9,2026-09-08 11:08:57.532,"invalid station_id; invalid model_name; confidence_score must be in [0,1]; response_time_ms must be positive"
9484,ST-07,pressure_drop_predictor,invalid_label,,-5.0,2026-09-08 11:08:58.368,"predicted_label mismatch for model; confidence_score must be in [0,1]; response_time_ms must be positive"
,ST-01,unknown_model,normal,1.683,,,"reading_id must be positive int; invalid model_name; confidence_score must be in [0,1]; response_time_ms must be positive; invalid timestamp"
9695,ST-01,leak_detector,-1,,-99.5,2026-09-08 11:09:03.894,"predicted_label mismatch for model; confidence_score must be in [0,1]; response_time_ms must be positive"
9765,ST-99,,drop,1.358,-55.4,,"invalid station_id; invalid model_name; confidence_score must be in [0,1]; response_time_ms must be positive; invalid timestamp"
,ST-03,leak_detector,leak,1.107,,,"reading_id must be positive int; confidence_score must be in [0,1]; response_time_ms must be positive; invalid timestamp"
9884,ST-07,pressure_drop_predictor,invalid_label,1.879,-76.4,,"predicted_label mismatch for model; confidence_score must be in [0,1]; response_time_ms must be positive; invalid timestamp"
-478,ST-02,pressure_drop_predictor,invalid_label,1.63,-68.6,,"reading_id must be positive int; predicted_label mismatch for model; confidence_score must be in [0,1]; response_time_ms must be positive; invalid timestamp"
9903,ST-05,pressure_drop_predictor,normal,1.311,,2026-09-08 11:09:09.369,"predicted_label mismatch for model; confidence_score must be in [0,1]; response_time_ms must be positive"
9907,ST-05,pressure_drop_predictor,,,-95.7,,"predicted_label mismatch for model; confidence_score must be in [0,1]; response_time_ms must be positive; invalid timestamp"
9932,ST-08,,normal,-0.977,-78.4,2026-09-08 11:09:10.126,"invalid model_name; confidence_score must be in [0,1]; response_time_ms must be positive"
-130,,,normal,1.444,,2026-09-08 11:09:13.780,"reading_id must be positive int; invalid station_id; invalid model_name; confidence_score must be in [0,1]; response_time_ms must be positive"
10226,ST-10,,99999,,-5.3,2026-09-08 11:09:17.828,"invalid model_name; confidence_score must be in [0,1]; response_time_ms must be positive"
10228,unknown,pressure_drop_predictor,invalid_label,1.384,-39.1,2026-09-08 11:09:17.880,"invalid station_id; predicted_label mismatch for model; confidence_score must be in [0,1]; response_time_ms must be positive"
-48,ST-03,unknown_model,invalid_label,1.089,,,"reading_id must be positive int; invalid model_name; confidence_score must be in [0,1]; response_time_ms must be positive; invalid timestamp"
,ST-03,demand_forecaster,leak,-0.838,-9.2,,"reading_id must be positive int; predicted_label must be int 1..5000; confidence_score must be in [0,1]; response_time_ms must be positive; invalid timestamp"
10392,,unknown_model,stable,,-79.4,2026-09-08 11:09:22.221,"invalid station_id; invalid model_name; confidence_score must be in [0,1]; response_time_ms must be positive"
10644,unknown,demand_forecaster,,1.698,,2026-09-08 11:09:28.815,"invalid station_id; predicted_label must be int 1..5000; confidence_score must be in [0,1]; response_time_ms must be positive"
-302,ST-02,pressure_drop_predictor,stable,1.847,,,"reading_id must be positive int; confidence_score must be in [0,1]; response_time_ms must be positive; invalid timestamp"
10740,ST-04,demand_forecaster,,,,2026-09-08 11:09:31.347,"predicted_label must be int 1..5000; confidence_score must be in [0,1]; response_time_ms must be positive"
10750,ST-10,pressure_drop_predictor,drop,-0.642,-50.4,2026-09-08 11:09:31.609,"confidence_score must be in [0,1]; response_time_ms must be positive"
10823,ST-04,pressure_drop_predictor,99999,,,,"predicted_label mismatch for model; confidence_score must be in [0,1]; response_time_ms must be positive; invalid timestamp"
10897,ST-99,demand_forecaster,-1,,-84.4,2026-09-08 11:09:35.450,"invalid station_id; predicted_label must be int 1..5000; confidence_score must be in [0,1]; response_time_ms must be positive"
10921,ST-02,demand_forecaster,stable,,-32.3,2026-09-08 11:09:36.078,"predicted_label must be int 1..5000; confidence_score must be in [0,1]; response_time_ms must be positive"
10946,ST-07,leak_detector,,1.963,,2026-09-08 11:09:36.731,"predicted_label mismatch for model; confidence_score must be in [0,1]; response_time_ms must be positive"
10971,ST-06,unknown_model,,,,,"invalid model_name; confidence_score must be in [0,1]; response_time_ms must be positive; invalid timestamp"
,ST-04,,normal,-0.699,,2026-09-08 11:09:38.010,"reading_id must be positive int; invalid model_name; confidence_score must be in [0,1]; response_time_ms must be positive"
11055,ST-04,,leak,-0.945,-23.1,,"invalid model_name; confidence_score must be in [0,1]; response_time_ms must be positive; invalid timestamp"
11062,ST-06,demand_forecaster,stable,-0.683,,2026-09-08 11:09:39.790,"predicted_label must be int 1..5000; confidence_score must be in [0,1]; response_time_ms must be positive"
11066,,leak_detector,-1,,,2026-09-08 11:09:39.894,"invalid station_id; predicted_label mismatch for model; confidence_score must be in [0,1]; response_time_ms must be positive"
11071,ST-07,pressure_drop_predictor,-1,-0.033,-63.4,2026-09-08 11:09:40.024,"predicted_label mismatch for model; confidence_score must be in [0,1]; response_time_ms must be positive"
,ST-10,leak_detector,invalid_label,,-1.6,2026-09-08 11:09:40.076,"reading_id must be positive int; predicted_label mismatch for model; confidence_score must be in [0,1]; response_time_ms must be positive"
,ST-01,demand_forecaster,normal,,,2026-09-08 11:09:40.233,"reading_id must be positive int; predicted_label must be int 1..5000; confidence_score must be in [0,1]; response_time_ms must be positive"
-374,ST-08,leak_detector,normal,-0.116,-88.5,2026-09-08 11:09:41.585,"reading_id must be positive int; confidence_score must be in [0,1]; response_time_ms must be positive"
11247,ST-99,,,1.164,-29.8,2026-09-08 11:09:44.689,"invalid station_id; invalid model_name; confidence_score must be in [0,1]; response_time_ms must be positive"
-962,ST-01,demand_forecaster,normal,1.693,-32.3,2026-09-08 11:09:45.368,"reading_id must be positive int; predicted_label must be int 1..5000; confidence_score must be in [0,1]; response_time_ms must be positive"
-873,ST-10,pressure_drop_predictor,-1,-0.895,,2026-09-08 11:09:46.307,"reading_id must be positive int; predicted_label mismatch for model; confidence_score must be in [0,1]; response_time_ms must be positive"
11318,unknown,pressure_drop_predictor,drop,1.127,,,"invalid station_id; confidence_score must be in [0,1]; response_time_ms must be positive; invalid timestamp"
11332,ST-06,,leak,1.465,,2026-09-08 11:09:46.961,"invalid model_name; confidence_score must be in [0,1]; response_time_ms must be positive"
,ST-01,pressure_drop_predictor,invalid_label,,-60.3,2026-09-08 11:09:49.023,"reading_id must be positive int; predicted_label mismatch for model; confidence_score must be in [0,1]; response_time_ms must be positive"
11413,unknown,demand_forecaster,leak,1.506,,,"invalid station_id; predicted_label must be int 1..5000; confidence_score must be in [0,1]; response_time_ms must be positive; invalid timestamp"
,ST-04,,leak,,,,"reading_id must be positive int; invalid model_name; confidence_score must be in [0,1]; response_time_ms must be positive; invalid timestamp"
11522,unknown,pressure_drop_predictor,stable,1.26,-70.9,2026-09-08 11:09:51.977,"invalid station_id; confidence_score must be in [0,1]; response_time_ms must be positive"
11550,unknown,demand_forecaster,invalid_label,-0.834,-14.7,2026-09-08 11:09:52.699,"invalid station_id; predicted_label must be int 1..5000; confidence_score must be in [0,1]; response_time_ms must be positive"
-930,ST-02,leak_detector,leak,-0.046,-10.8,,"reading_id must be positive int; confidence_score must be in [0,1]; response_time_ms must be positive; invalid timestamp"
-349,ST-05,unknown_model,-1,,,2026-09-08 11:09:54.722,"reading_id must be positive int; invalid model_name; confidence_score must be in [0,1]; response_time_ms must be positive"
11627,ST-02,demand_forecaster,stable,-0.432,,2026-09-08 11:09:54.825,"predicted_label must be int 1..5000; confidence_score must be in [0,1]; response_time_ms must be positive"
11644,ST-06,demand_forecaster,normal,1.401,-25.0,2026-09-08 11:09:55.273,"predicted_label must be int 1..5000; confidence_score must be in [0,1]; response_time_ms must be positive"
11646,ST-07,,99999,,,2026-09-08 11:09:55.325,"invalid model_name; confidence_score must be in [0,1]; response_time_ms must be positive"
11739,ST-05,demand_forecaster,,-0.391,-31.4,2026-09-08 11:09:57.762,"predicted_label must be int 1..5000; confidence_score must be in [0,1]; response_time_ms must be positive"
11781,ST-01,unknown_model,drop,,-96.2,2026-09-08 11:09:58.859,"invalid model_name; confidence_score must be in [0,1]; response_time_ms must be positive"
11838,ST-08,leak_detector,-1,,-68.5,2026-09-08 11:10:00.347,"predicted_label mismatch for model; confidence_score must be in [0,1]; response_time_ms must be positive"
11852,ST-99,unknown_model,invalid_label,,,2026-09-08 11:10:00.713,"invalid station_id; invalid model_name; confidence_score must be in [0,1]; response_time_ms must be positive"
11853,ST-10,pressure_drop_predictor,99999,,,2026-09-08 11:10:00.739,"predicted_label mismatch for model; confidence_score must be in [0,1]; response_time_ms must be positive"
11903,ST-09,demand_forecaster,normal,-0.572,,,"predicted_label must be int 1..5000; confidence_score must be in [0,1]; response_time_ms must be positive; invalid timestamp"
11937,ST-04,pressure_drop_predictor,,-0.219,-89.4,2026-09-08 11:10:02.933,"predicted_label mismatch for model; confidence_score must be in [0,1]; response_time_ms must be positive"
11963,ST-99,pressure_drop_predictor,99999,,,2026-09-08 11:10:03.610,"invalid station_id; predicted_label mismatch for model; confidence_score must be in [0,1]; response_time_ms must be positive"
,,leak_detector,99999,,-11.5,2026-09-08 11:10:08.471,"reading_id must be positive int; invalid station_id; predicted_label mismatch for model; confidence_score must be in [0,1]; response_time_ms must be positive"
,ST-09,unknown_model,,1.275,,2026-09-08 11:10:09.281,"reading_id must be positive int; invalid model_name; confidence_score must be in [0,1]; response_time_ms must be positive"
,ST-09,unknown_model,leak,-0.704,,2026-09-08 11:10:09.646,"reading_id must be positive int; invalid model_name; confidence_score must be in [0,1]; response_time_ms must be positive"
12555,ST-06,pressure_drop_predictor,99999,1.138,,2026-09-08 11:10:19.170,"predicted_label mismatch for model; confidence_score must be in [0,1]; response_time_ms must be positive"
12701,ST-99,demand_forecaster,normal,-0.568,,2026-09-08 11:10:22.979,"invalid station_id; predicted_label must be int 1..5000; confidence_score must be in [0,1]; response_time_ms must be positive"
12707,ST-03,,invalid_label,,-51.5,2026-09-08 11:10:23.136,"invalid model_name; confidence_score must be in [0,1]; response_time_ms must be positive"
12785,ST-08,unknown_model,,1.258,-21.8,2026-09-08 11:10:25.172,"invalid model_name; confidence_score must be in [0,1]; response_time_ms must be positive"
12804,ST-10,unknown_model,leak,-0.018,-40.0,2026-09-08 11:10:25.668,"invalid model_name; confidence_score must be in [0,1]; response_time_ms must be positive"
12829,ST-10,leak_detector,99999,1.903,-38.7,,"predicted_label mismatch for model; confidence_score must be in [0,1]; response_time_ms must be positive; invalid timestamp"
-639,ST-02,leak_detector,-1,1.629,-39.0,2026-09-08 11:10:27.575,"reading_id must be positive int; predicted_label mismatch for model; confidence_score must be in [0,1]; response_time_ms must be positive"
,ST-01,,leak,1.425,-55.7,2026-09-08 11:10:27.758,"reading_id must be positive int; invalid model_name; confidence_score must be in [0,1]; response_time_ms must be positive"
,ST-03,pressure_drop_predictor,stable,,,2026-09-08 11:10:28.464,"reading_id must be positive int; confidence_score must be in [0,1]; response_time_ms must be positive"
13048,ST-99,unknown_model,drop,,-74.6,2026-09-08 11:10:32.127,"invalid station_id; invalid model_name; confidence_score must be in [0,1]; response_time_ms must be positive"
13176,ST-10,,invalid_label,1.527,-89.6,2026-09-08 11:10:35.477,"invalid model_name; confidence_score must be in [0,1]; response_time_ms must be positive"
,ST-09,leak_detector,leak,1.505,-37.8,2026-09-08 11:10:35.999,"reading_id must be positive int; confidence_score must be in [0,1]; response_time_ms must be positive"
-136,ST-03,pressure_drop_predictor,drop,1.202,-22.7,2026-09-08 11:10:36.730,"reading_id must be positive int; confidence_score must be in [0,1]; response_time_ms must be positive"
,ST-99,leak_detector,drop,,-75.9,2026-09-08 11:10:37.538,"reading_id must be positive int; invalid station_id; predicted_label mismatch for model; confidence_score must be in [0,1]; response_time_ms must be positive"
13299,ST-01,pressure_drop_predictor,,1.272,,2026-09-08 11:10:38.769,"predicted_label mismatch for model; confidence_score must be in [0,1]; response_time_ms must be positive"
,ST-04,,normal,,-43.5,2026-09-08 11:10:43.098,"reading_id must be positive int; invalid model_name; confidence_score must be in [0,1]; response_time_ms must be positive"
-874,ST-08,,99999,,,2026-09-08 11:10:44.537,"reading_id must be positive int; invalid model_name; confidence_score must be in [0,1]; response_time_ms must be positive"
13566,ST-06,,invalid_label,-0.855,,2026-09-08 11:10:45.791,"invalid model_name; confidence_score must be in [0,1]; response_time_ms must be positive"
13606,unknown,unknown_model,drop,,,2026-09-08 11:10:46.844,"invalid station_id; invalid model_name; confidence_score must be in [0,1]; response_time_ms must be positive"
13614,ST-10,pressure_drop_predictor,invalid_label,,-71.2,2026-09-08 11:10:47.064,"predicted_label mismatch for model; confidence_score must be in [0,1]; response_time_ms must be positive"
13764,ST-02,leak_detector,leak,,,2026-09-08 11:10:50.988,"confidence_score must be in [0,1]; response_time_ms must be positive"
13767,ST-99,leak_detector,,,,2026-09-08 11:10:51.067,"invalid station_id; predicted_label mismatch for model; confidence_score must be in [0,1]; response_time_ms must be positive"
,ST-05,,invalid_label,,,2026-09-08 11:10:51.329,"reading_id must be positive int; invalid model_name; confidence_score must be in [0,1]; response_time_ms must be positive"
13903,ST-05,,normal,-0.331,,2026-09-08 11:10:54.683,"invalid model_name; confidence_score must be in [0,1]; response_time_ms must be positive"
13907,ST-04,,normal,1.714,-43.0,2026-09-08 11:10:54.788,"invalid model_name; confidence_score must be in [0,1]; response_time_ms must be positive"
,ST-99,unknown_model,99999,,,2026-09-08 11:10:55.313,"reading_id must be positive int; invalid station_id; invalid model_name; confidence_score must be in [0,1]; response_time_ms must be positive"
13946,ST-05,pressure_drop_predictor,-1,1.716,,2026-09-08 11:10:55.835,"predicted_label mismatch for model; confidence_score must be in [0,1]; response_time_ms must be positive"
13986,ST-08,unknown_model,normal,-0.193,-32.9,2026-09-08 11:10:56.900,"invalid model_name; confidence_score must be in [0,1]; response_time_ms must be positive"
14035,ST-10,leak_detector,-1,1.738,-9.0,2026-09-08 11:10:58.189,"predicted_label mismatch for model; confidence_score must be in [0,1]; response_time_ms must be positive"
-653,ST-05,demand_forecaster,invalid_label,-0.114,,2026-09-08 11:10:59.881,"reading_id must be positive int; predicted_label must be int 1..5000; confidence_score must be in [0,1]; response_time_ms must be positive"
14152,ST-10,demand_forecaster,normal,1.79,-85.7,2026-09-08 11:11:01.270,"predicted_label must be int 1..5000; confidence_score must be in [0,1]; response_time_ms must be positive"
14192,unknown,unknown_model,-1,-0.405,-24.9,2026-09-08 11:11:02.356,"invalid station_id; invalid model_name; confidence_score must be in [0,1]; response_time_ms must be positive"
-788,ST-03,pressure_drop_predictor,invalid_label,-0.113,-36.4,2026-09-08 11:11:03.282,"reading_id must be positive int; predicted_label mismatch for model; confidence_score must be in [0,1]; response_time_ms must be positive"
-700,ST-99,unknown_model,invalid_label,-0.823,-30.9,2026-09-08 11:11:03.411,"reading_id must be positive int; invalid station_id; invalid model_name; confidence_score must be in [0,1]; response_time_ms must be positive"
14244,ST-99,unknown_model,normal,1.045,-54.3,2026-09-08 11:11:03.746,"invalid station_id; invalid model_name; confidence_score must be in [0,1]; response_time_ms must be positive"
14266,ST-10,unknown_model,leak,-0.988,-24.9,2026-09-08 11:11:04.313,"invalid model_name; confidence_score must be in [0,1]; response_time_ms must be positive"
,ST-03,pressure_drop_predictor,-1,,,2026-09-08 11:11:06.102,"reading_id must be positive int; predicted_label mismatch for model; confidence_score must be in [0,1]; response_time_ms must be positive"
14345,ST-08,unknown_model,normal,1.569,,2026-09-08 11:11:06.416,"invalid model_name; confidence_score must be in [0,1]; response_time_ms must be positive"
-501,ST-06,pressure_drop_predictor,-1,,-19.4,,"reading_id must be positive int; predicted_label mismatch for model; confidence_score must be in [0,1]; response_time_ms must be positive; invalid timestamp"
-142,ST-04,pressure_drop_predictor,-1,1.438,,,"reading_id must be positive int; predicted_label mismatch for model; confidence_score must be in [0,1]; response_time_ms must be positive; invalid timestamp"
14553,ST-04,leak_detector,-1,,-95.1,2026-09-08 11:11:11.989,"predicted_label mismatch for model; confidence_score must be in [0,1]; response_time_ms must be positive"
,ST-04,demand_forecaster,leak,,,2026-09-08 11:11:12.017,"reading_id must be positive int; predicted_label must be int 1..5000; confidence_score must be in [0,1]; response_time_ms must be positive"
,ST-05,,invalid_label,-0.464,-37.7,,"reading_id must be positive int; invalid model_name; confidence_score must be in [0,1]; response_time_ms must be positive; invalid timestamp"
14590,ST-06,unknown_model,99999,1.969,-44.9,2026-09-08 11:11:13.020,"invalid model_name; confidence_score must be in [0,1]; response_time_ms must be positive"
14617,ST-06,demand_forecaster,stable,,-55.8,2026-09-08 11:11:13.741,"predicted_label must be int 1..5000; confidence_score must be in [0,1]; response_time_ms must be positive"
-65,ST-06,leak_detector,stable,-0.578,-58.1,,"reading_id must be positive int; predicted_label mismatch for model; confidence_score must be in [0,1]; response_time_ms must be positive; invalid timestamp"
-486,unknown,demand_forecaster,99999,,,2026-09-08 11:11:15.603,"reading_id must be positive int; invalid station_id; predicted_label must be int 1..5000; confidence_score must be in [0,1]; response_time_ms must be positive"
14763,ST-07,pressure_drop_predictor,99999,,-28.9,2026-09-08 11:11:17.630,"predicted_label mismatch for model; confidence_score must be in [0,1]; response_time_ms must be positive"
,,pressure_drop_predictor,,,,,"reading_id must be positive int; invalid station_id; predicted_label mismatch for model; confidence_score must be in [0,1]; response_time_ms must be positive; invalid timestamp"
,ST-08,,invalid_label,,,2026-09-08 11:11:22.464,"reading_id must be positive int; invalid model_name; confidence_score must be in [0,1]; response_time_ms must be positive"
14989,ST-07,unknown_model,leak,,-41.4,2026-09-08 11:11:23.621,"invalid model_name; confidence_score must be in [0,1]; response_time_ms must be positive"
15020,,demand_forecaster,-1,-0.69,,2026-09-08 11:11:24.430,"invalid station_id; predicted_label must be int 1..5000; confidence_score must be in [0,1]; response_time_ms must be positive"
-368,ST-99,leak_detector,99999,1.972,,2026-09-08 11:11:25.745,"reading_id must be positive int; invalid station_id; predicted_label mismatch for model; confidence_score must be in [0,1]; response_time_ms must be positive"
-120,ST-02,pressure_drop_predictor,-1,-0.053,,2026-09-08 11:11:26.535,"reading_id must be positive int; predicted_label mismatch for model; confidence_score must be in [0,1]; response_time_ms must be positive"
15124,ST-05,unknown_model,normal,-0.343,,2026-09-08 11:11:27.222,"invalid model_name; confidence_score must be in [0,1]; response_time_ms must be positive"
15265,ST-01,,normal,1.071,-65.8,,"invalid model_name; confidence_score must be in [0,1]; response_time_ms must be positive; invalid timestamp"
,ST-06,,invalid_label,1.923,,,"reading_id must be positive int; invalid model_name; confidence_score must be in [0,1]; response_time_ms must be positive; invalid timestamp"
15430,ST-10,,99999,-0.373,,2026-09-08 11:11:35.235,"invalid model_name; confidence_score must be in [0,1]; response_time_ms must be positive"
15459,,unknown_model,stable,1.401,-85.5,2026-09-08 11:11:35.995,"invalid station_id; invalid model_name; confidence_score must be in [0,1]; response_time_ms must be positive"
15558,ST-02,pressure_drop_predictor,stable,1.261,,2026-09-08 11:11:38.590,"confidence_score must be in [0,1]; response_time_ms must be positive"
15565,ST-99,demand_forecaster,stable,,,2026-09-08 11:11:38.772,"invalid station_id; predicted_label must be int 1..5000; confidence_score must be in [0,1]; response_time_ms must be positive"
-746,ST-09,demand_forecaster,99999,,,2026-09-08 11:11:39.349,"reading_id must be positive int; predicted_label must be int 1..5000; confidence_score must be in [0,1]; response_time_ms must be positive"
15697,ST-03,demand_forecaster,leak,1.362,-37.7,2026-09-08 11:11:42.293,"predicted_label must be int 1..5000; confidence_score must be in [0,1]; response_time_ms must be positive"
15738,ST-05,demand_forecaster,-1,-0.706,,,"predicted_label must be int 1..5000; confidence_score must be in [0,1]; response_time_ms must be positive; invalid timestamp"
-895,ST-99,demand_forecaster,stable,1.109,-63.3,2026-09-08 11:11:43.398,"reading_id must be positive int; invalid station_id; predicted_label must be int 1..5000; confidence_score must be in [0,1]; response_time_ms must be positive"
-953,ST-06,,normal,1.363,-11.8,2026-09-08 11:11:44.529,"reading_id must be positive int; invalid model_name; confidence_score must be in [0,1]; response_time_ms must be positive"
,unknown,unknown_model,normal,1.171,,2026-09-08 11:11:47.279,"reading_id must be positive int; invalid station_id; invalid model_name; confidence_score must be in [0,1]; response_time_ms must be positive"
16071,ST-10,leak_detector,-1,1.434,-71.7,,"predicted_label mismatch for model; confidence_score must be in [0,1]; response_time_ms must be positive; invalid timestamp"
16078,ST-02,pressure_drop_predictor,99999,-0.04,-56.6,2026-09-08 11:11:52.421,"predicted_label mismatch for model; confidence_score must be in [0,1]; response_time_ms must be positive"
